country,year,aging_intensity,epi_base_2000,years_since_2000,epi_time_trend,epi_random,epi_normalized,country_productivity_base,productivity_time_trend,epi_effect,productivity_shock,log_productivity
DEU,1990,1.2,0.99,-10,0.005999999999999999,0.00092927407287228135,0.9969292740728722,4.6,-0.18,-0.002456580741702208,-0.024541852172578572,4.393001567085719
DEU,1991,1.2,0.99,-9,0.005399999999999999,-0.002414452787479759,0.9929855472125202,4.6,-0.16199999999999998,-0.005611562229983847,0.011122780583181653,4.443511218353198
DEU,1992,1.2,0.99,-8,0.0048,-0.001991771104004608,0.9928082288959954,4.6,-0.144,-0.005753416883203678,0.0030622085218400116,4.453308791638635
DEU,1993,1.2,0.99,-7,0.0042,-0.0044931503642245685,0.9897068496357754,4.6,-0.126,-0.008234520291379699,-0.005288906613559721,4.46047657309506
DEU,1994,1.2,0.99,-6,0.0036,0.0015055247632487314,0.9951055247632488,4.6,-0.10799999999999998,-0.0039155801894009915,9.547805989399887e-4,4.48903920040954
DEU,1995,1.2,0.99,-5,0.0029999999999999996,-0.0030730048126186684,0.9899269951873814,4.6,-0.09,-0.008058403850094908,-0.008151131297794097,4.493790464852111
DEU,1996,1.2,0.99,-4,0.0024,-0.003445087224862699,0.9889549127751373,4.6,-0.072,-0.0088360697798902,0.002682093244347281,4.521846023464457
DEU,1997,1.2,0.99,-3,0.0018,-0.0051699315935440976,0.986630068406456,4.6,-0.05399999999999999,-0.01069594527483524,0.01808458593603337,4.553388640661197
DEU,1998,1.2,0.99,-2,0.0012,0.0018204402329609756,0.993020440232961,4.6,-0.036,-0.00558364781363121,-3.16597956503304e-5,4.558384692390719
DEU,1999,1.2,0.99,-1,6e-4,3.591593508628075e-4,0.9909591593508629,4.6,-0.018,-0.007232672519309702,0.01999791053661703,4.594765238017307
DEU,2000,1.2,0.99,0,-0,-0.0026032698486279384,0.9873967301513721,4.6,0,-0.010082615878902336,-0.026166487049534757,4.563750897071563
DEU,2001,1.2,0.99,1,-6e-4,0.001393556001530034,0.99079355600153,4.6,0.018,-0.00736515519877603,0.006577130546941021,4.617211975348165
DEU,2002,1.2,0.99,2,-0.0012,2.832790997870394e-4,0.9890832790997871,4.6,0.036,-0.008733376720170317,-0.01909162711274345,4.608174996167086
DEU,2003,1.2,0.99,3,-0.0018,-0.002690894023512681,0.9855091059764873,4.6,0.05399999999999999,-0.011592715218810135,-0.015540640509619024,4.626866644271571
DEU,2004,1.2,0.99,4,-0.0024,7.999307024078872e-4,0.988399930702408,4.6,0.072,-0.009280055438073642,-0.002665015971685208,4.660054928590242
DEU,2005,1.2,0.99,5,-0.0029999999999999996,0.0040815270490904085,0.9910815270490904,4.6,0.09,-0.007134778360727712,-0.019674446062129296,4.663190775577142
DEU,2006,1.2,0.99,6,-0.0036,-5.160285821230711e-4,0.9858839714178769,4.6,0.10799999999999998,-0.011292822865698505,0.01528895958116719,4.711996136715468
DEU,2007,1.2,0.99,7,-0.0042,-7.8487480021743e-5,0.9857215125199783,4.6,0.126,-0.011422789984017356,-4.3955974396337144e-4,4.714137650272019
DEU,2008,1.2,0.99,8,-0.0048,0.002548439617429577,0.9877484396174295,4.6,0.144,-0.009801248306056377,-0.015111456427796611,4.719087295266147
DEU,2009,1.2,0.99,9,-0.005399999999999999,0.0010005331943056684,0.9856005331943057,4.6,0.16199999999999998,-0.01151957344455541,0.004453380446862714,4.754933807002306
DEU,2010,1.2,0.99,10,-0.005999999999999999,-0.0032713886586297272,0.9807286113413702,4.6,0.18,-0.01541711092690381,0.005909913031320172,4.770492802104416
DEU,2011,1.2,0.99,11,-0.006599999999999999,0.004345942494582928,0.9877459424945829,4.6,0.19799999999999998,-0.009803246004333667,0.0026544810434468323,4.790851235039113
DEU,2012,1.2,0.99,12,-0.0072,-0.0056568435398942464,0.9771431564601057,4.6,0.21599999999999997,-0.018285474831915404,6.948547252119077e-4,4.798409379893296
DEU,2013,1.2,0.99,13,-0.0078,0.00530348518869896,0.9875034851886989,4.6,0.23399999999999999,-0.009997211849040878,0.016363199498646307,4.840365987649605
DEU,2014,1.2,0.99,14,-0.0084,0.001725179281815379,0.9833251792818154,4.6,0.252,-0.013339856574547683,-0.02519354474316356,4.813466598682289
DEU,2015,1.2,0.99,15,-0.009,0.0010192854203993293,0.9820192854203993,4.6,0.26999999999999996,-0.014384571663680568,0.009419274698796432,4.865034703035115
DEU,2016,1.2,0.99,16,-0.0096,-0.005774620469408527,0.9746253795305914,4.6,0.288,-0.02029969637552691,0.015246852846755029,4.882947156471229
DEU,2017,1.2,0.99,17,-0.010199999999999999,-0.0038320679022981695,0.9759679320977018,4.6,0.306,-0.019225654321838537,-0.00462174764537091,4.88215259803279
DEU,2018,1.2,0.99,18,-0.010799999999999999,0.013640332129815445,0.9928403321298154,4.6,0.32399999999999995,-0.005727734296147702,-0.005664651062653016,4.912607614641199
DEU,2019,1.2,0.99,19,-0.011399999999999999,0.0017465837402513955,0.9803465837402514,4.6,0.34199999999999997,-0.015722733007798872,-0.00444548049729217,4.921831786494908
DEU,2020,1.2,0.99,20,-0.011999999999999999,0.009470842153037036,0.987470842153037,4.6,0.36,-0.010023326277570367,0.018569376324605768,4.968546050047035
USA,1990,0.6,1.02,-10,0.0029999999999999996,-0.0040588115720717535,1.0189411884279282,4.7,-0.18,0.015152950742342597,-0.03080358834742483,4.504349362394918
USA,1991,0.6,1.02,-9,0.0026999999999999997,0.011713198478367394,1.0344131984783673,4.7,-0.16199999999999998,0.02753055878269386,-0.01958441663129293,4.545946142151401
USA,1992,0.6,1.02,-8,0.0024,-0.0028936313875903667,1.0195063686124095,4.7,-0.144,0.015605094889927607,0.003701881487090683,4.575306976377019
USA,1993,0.6,1.02,-7,0.0021,0.006650988345912751,1.0287509883459127,4.7,-0.126,0.02300079067673018,-0.003857771034037459,4.593143019642692
USA,1994,0.6,1.02,-6,0.0018,0.0063491273845035865,1.0281491273845036,4.7,-0.10799999999999998,0.022519301907602873,0.002418142781065572,4.616937444688669
USA,1995,0.6,1.02,-5,0.0014999999999999998,-0.006669949835138209,1.014830050164862,4.7,-0.09,0.011864040131889554,-0.008546693836427779,4.613317346295463
USA,1996,0.6,1.02,-4,0.0012,0.004625477185000021,1.0258254771850002,4.7,-0.072,0.020660381748000136,0.0027663239151143326,4.6514267056631144
USA,1997,0.6,1.02,-3,9e-4,-1.5993302086810893e-4,1.0207400669791318,4.7,-0.05399999999999999,0.016592053583305424,0.0025918191361129017,4.6651838727194175
USA,1998,0.6,1.02,-2,6e-4,-8.443542640379044e-5,1.0205155645735962,4.7,-0.036,0.016412451658876927,-7.81852958551116e-4,4.679630598700327
USA,1999,0.6,1.02,-1,3e-4,-0.010022104778986329,1.0102778952210136,4.7,-0.018,0.008222316176810907,-0.014190536707390605,4.676031779469421
USA,2000,0.6,1.02,0,-0,0.0015522801435730016,1.021552280143573,4.7,0,0.017241824114858417,-0.003351687784042117,4.713890136330816
USA,2001,0.6,1.02,1,-3e-4,-0.009686246028849668,1.0100137539711505,4.7,0.018,0.008011003176920361,-0.013904436176852927,4.712106567000068
USA,2002,0.6,1.02,2,-6e-4,0.002861535626924872,1.022261535626925,4.7,0.036,0.01780922850153992,-0.010388479013512959,4.743420749488027
USA,2003,0.6,1.02,3,-9e-4,-6.980818509435443e-4,1.0184019181490567,4.7,0.05399999999999999,0.014721534519245339,0.015742733550750898,4.784464268069997
USA,2004,0.6,1.02,4,-0.0012,-0.0079345866734588065,1.0108654133265411,4.7,0.072,0.008692330661232895,-0.022449958521305897,4.758242372139927
USA,2005,0.6,1.02,5,-0.0014999999999999998,0.0042764282300154655,1.0227764282300154,4.7,0.09,0.018221142584012286,0.01088375908692365,4.819104901670936
USA,2006,0.6,1.02,6,-0.0018,0.0016855949794288738,1.0198855949794288,4.7,0.10799999999999998,0.015908475983543013,0.016383824923977556,4.84029230090752
USA,2007,0.6,1.02,7,-0.0021,5.102577491782113e-4,1.0184102577491783,4.7,0.126,0.014728206199342609,-0.01624242278970468,4.824485783409639
USA,2008,0.6,1.02,8,-0.0024,-0.009380374420909584,1.0082196255790905,4.7,0.144,0.006575700463272405,-0.01589727503316324,4.834678425430109
USA,2009,0.6,1.02,9,-0.0026999999999999997,-8.665996678909306e-4,1.0164334003321092,4.7,0.16199999999999998,0.013146720265687329,0.003370701133616443,4.8785174213993034
USA,2010,0.6,1.02,10,-0.0029999999999999996,0.005618987713422538,1.0226189877134226,4.7,0.18,0.018095190170738108,-0.007872761331238518,4.8902224288394995
USA,2011,0.6,1.02,11,-0.0032999999999999995,-0.00579666506345325,1.0109033349365466,4.7,0.19799999999999998,0.008722667949237284,0.0471182639098338,4.953840931859071
USA,2012,0.6,1.02,12,-0.0036,-0.002718944411696142,1.0136810555883038,4.7,0.21599999999999997,0.010944844470643034,-0.007079601414185278,4.919865243056458
USA,2013,0.6,1.02,13,-0.0039,9.075933774686421e-4,1.0170075933774687,4.7,0.23399999999999999,0.013606074701974969,0.01724658221748586,4.964852656919461
USA,2014,0.6,1.02,14,-0.0042,0.006266978117042149,1.0220669781170422,4.7,0.252,0.017653582493633736,-0.007484749272466052,4.962168833221168
USA,2015,0.6,1.02,15,-0.0045,0.0010034122456742394,1.0165034122456742,4.7,0.26999999999999996,0.013202729796539359,-0.0025333245305886034,4.98066940526595
USA,2016,0.6,1.02,16,-0.0048,0.0038940829156688694,1.019094082915669,4.7,0.288,0.015275266332535155,-0.014303023863748548,4.988972242468788
USA,2017,0.6,1.02,17,-0.0050999999999999995,0.007040877150994038,1.021940877150994,4.7,0.306,0.01755270172079513,0.005292059142542097,5.028844760863338
USA,2018,0.6,1.02,18,-0.005399999999999999,-0.007919608794311266,1.0066803912056888,4.7,0.32399999999999995,0.005344312964551002,-0.005076851057070037,5.024267461907481
USA,2019,0.6,1.02,19,-0.005699999999999999,7.903816620841385e-4,1.0150903816620842,4.7,0.34199999999999997,0.012072305329667367,-0.018252926341902027,5.035819378987765
USA,2020,0.6,1.02,20,-0.005999999999999999,2.6173331658250565e-4,1.0142617333165824,4.7,0.36,0.011409386653265942,-0.007179120258950445,5.064230266394317
JPN,1990,2,0.97,-10,0.01,-0.005840002605763062,0.974159997394237,4.45,-0.18,-0.02067200208461042,0.007829958964618971,4.257157956880009
JPN,1991,2,0.97,-9,0.009000000000000001,0.005279426933046018,0.984279426933046,4.45,-0.16199999999999998,-0.012576458453563167,-0.014720518351311367,4.260703023195125
JPN,1992,2,0.97,-8,0.008,0.006004868097219768,0.9840048680972198,4.45,-0.144,-0.01279610552222419,0.021593112318756134,4.314797006796532
JPN,1993,2,0.97,-7,0.007,0.0015842393130239758,0.978584239313024,4.45,-0.126,-0.01713260854958083,0.009573230376156667,4.316440621826576
JPN,1994,2,0.97,-6,0.006,-0.008521999149638552,0.9674780008503614,4.45,-0.10799999999999998,-0.026017599319710885,-0.013831173348776465,4.302151227331513
JPN,1995,2,0.97,-5,0.005,-0.010167550944062367,0.9648324490559376,4.45,-0.09,-0.028134040755249945,0.007460614029096045,4.339326573273846
JPN,1996,2,0.97,-4,0.004,-0.007034230515483246,0.9669657694845167,4.45,-0.072,-0.026427384412386613,-0.013155727466756334,4.338416888120857
JPN,1997,2,0.97,-3,0.003,-0.007605602753889214,0.9653943972461108,4.45,-0.05399999999999999,-0.027684482203111396,0.015267607810596866,4.383583125607486
JPN,1998,2,0.97,-2,0.002,0.008335172973092471,0.9803351729730925,4.45,-0.036,-0.01573186162152602,-0.01700427458994582,4.381263863788529
JPN,1999,2,0.97,-1,0.001,0.006456546984083175,0.9774565469840831,4.45,-0.018,-0.018034762412733496,0.00751704872983652,4.421482286317103
JPN,2000,2,0.97,0,-0,-0.0035792680873032085,0.9664207319126967,4.45,0,-0.02686341446984262,0.010342028275916706,4.4334786138060736
JPN,2001,2,0.97,1,-0.001,0.0035751088475688437,0.9725751088475688,4.45,0.018,-0.02193991292194495,0.020172116323642197,4.466232203401697
JPN,2002,2,0.97,2,-0.002,-0.003371728079036123,0.9646282719209639,4.45,0.036,-0.028297382463228882,-0.012004488896478507,4.445698128640293
JPN,2003,2,0.97,3,-0.003,0.0028096931715926423,0.9698096931715926,4.45,0.05399999999999999,-0.02415224546272592,-0.003282345420913206,4.476565409116362
JPN,2004,2,0.97,4,-0.004,0.0035708311661256,0.9695708311661255,4.45,0.072,-0.024343335067099584,-0.0014964755541951205,4.496160189378705
JPN,2005,2,0.97,5,-0.005,-0.006305031262175114,0.9586949687378249,4.45,0.09,-0.03304402500974009,-0.023620128967036847,4.483335846023222
JPN,2006,2,0.97,6,-0.006,0.005449528027365953,0.969449528027366,4.45,0.10799999999999998,-0.024440377578107242,0.006489212061089878,4.540048834482982
JPN,2007,2,0.97,7,-0.007,0.007873343223782366,0.9708733432237824,4.45,0.126,-0.023301325420974097,-0.045178306309578316,4.507520368269448
JPN,2008,2,0.97,8,-0.008,0.005566080140047551,0.9675660801400475,4.45,0.144,-0.02594713588796198,0.001593893890570404,4.569646758002609
JPN,2009,2,0.97,9,-0.009000000000000001,0.003710051346368765,0.9647100513463688,4.45,0.16199999999999998,-0.028231958922904976,0.011254600812940602,4.5950226418900355
JPN,2010,2,0.97,10,-0.01,0.002095357068842571,0.9620953570688425,4.45,0.18,-0.03032371434492598,7.287293397410218e-4,4.600405014994815
JPN,2011,2,0.97,11,-0.011,-0.004207600909366138,0.9547923990906338,4.45,0.19799999999999998,-0.03616608072749292,-0.013342194396935732,4.598491724875572
JPN,2012,2,0.97,12,-0.012,-0.0026445211616973876,0.9553554788383026,4.45,0.21599999999999997,-0.035715616929357895,-0.007811885993858726,4.622472497076783
JPN,2013,2,0.97,13,-0.013000000000000001,-0.0034280428755465247,0.9535719571244534,4.45,0.23399999999999999,-0.03714243430043727,0.001780070836645386,4.648637636536208
JPN,2014,2,0.97,14,-0.014,0.003948382816754613,0.9599483828167545,4.45,0.252,-0.032041293746596367,0.020476111069406007,4.690434817322809
JPN,2015,2,0.97,15,-0.015,-0.013976548753917096,0.9410234512460829,4.45,0.26999999999999996,-0.047181239003133695,-0.012868828480086478,4.6599499325167795
JPN,2016,2,0.97,16,-0.016,-0.0037111939924270687,0.9502888060075729,4.45,0.288,-0.03976895519394166,-0.01720097258777021,4.681030072218289
JPN,2017,2,0.97,17,-0.017,-0.0033486876767606522,0.9496513123232393,4.45,0.306,-0.040278950141408566,0.02668836036757237,4.742409410226164
JPN,2018,2,0.97,18,-0.018000000000000002,-0.003964797692968737,0.9480352023070312,4.45,0.32399999999999995,-0.04157183815437504,0.012924926804625725,4.745353088650251
JPN,2019,2,0.97,19,-0.019,-0.006000958119864529,0.9449990418801354,4.45,0.34199999999999997,-0.044000766495891686,-0.01646474426310815,4.7315344892410005
JPN,2020,2,0.97,20,-0.02,-0.004460168390921947,0.9455398316090781,4.45,0.36,-0.04356813471273755,-0.012417279628070344,4.754014585659193
FRA,1990,1,0.99,-10,0.005,-0.006414809812817735,0.9885851901871823,4.55,-0.18,-0.009131847850254183,-0.0075498152075685505,4.353318336942178
FRA,1991,1,0.99,-9,0.0045000000000000005,0.0012358836629087387,0.9957358836629087,4.55,-0.16199999999999998,-0.0034112930696730717,0.006742219285761979,4.391330926216089
FRA,1992,1,0.99,-8,0.004,-0.0013607879609155286,0.9926392120390845,4.55,-0.144,-0.005888630368732439,-0.01906795511279392,4.381043414518473
FRA,1993,1,0.99,-7,0.0035,0.0010158519198854253,0.9945158519198853,4.55,-0.126,-0.004387318464091727,0.02305558252927275,4.442668264065181
FRA,1994,1,0.99,-6,0.003,-0.01003196918711671,0.9829680308128833,4.55,-0.10799999999999998,-0.013625575349693353,-0.018187439431168413,4.410186985219139
FRA,1995,1,0.99,-5,0.0025,-0.004138360733344655,0.9883616392666553,4.55,-0.09,-0.009310688586675742,-0.015803702215250542,4.434885609198074
FRA,1996,1,0.99,-4,0.002,-8.479130785703787e-4,0.9911520869214296,4.55,-0.072,-0.007078330462856286,-0.01119343252305479,4.4597282370140885
FRA,1997,1,0.99,-3,0.0015,-0.006605353514952015,0.9848946464850479,4.55,-0.05399999999999999,-0.012084282811961701,-2.64995210439524e-4,4.483650721977598
FRA,1998,1,0.99,-2,0.001,-0.009226383677612984,0.981773616322387,4.55,-0.036,-0.014581106942090383,0.008580960869426488,4.507999853927336
FRA,1999,1,0.99,-1,5e-4,-0.007053606113495469,0.9834463938865045,4.55,-0.018,-0.013242884890796437,0.005065875070878827,4.523822990180083
FRA,2000,1,0.99,0,-0,-0.00329179367294226,0.9867082063270577,4.55,0,-0.010633434938353848,9.095462781915682e-4,4.540276111339837
FRA,2001,1,0.99,1,-5e-4,0.001606708810908913,0.991106708810909,4.55,0.018,-0.007114632951272792,0.008473718960026582,4.569359086008753
FRA,2002,1,0.99,2,-0.001,0.004520186096857401,0.9935201860968574,4.55,0.036,-0.00518385112251405,-0.0037356164571327503,4.577080532420352
FRA,2003,1,0.99,3,-0.0015,-2.0304533496240097e-4,0.9882969546650376,4.55,0.05399999999999999,-0.009362436267969888,-0.028415570823973665,4.566221992908057
FRA,2004,1,0.99,4,-0.002,-0.002780948036793141,0.9852190519632068,4.55,0.072,-0.011824758429434557,0.0020906452373609797,4.6122658868079265
FRA,2005,1,0.99,5,-0.0025,-2.476446045197681e-4,0.9872523553954803,4.55,0.09,-0.010198115683615772,-0.02327682634267196,4.6065250579737125
FRA,2006,1,0.99,6,-0.003,0.0072165723381635875,0.9942165723381636,4.55,0.10799999999999998,-0.004626742129469097,0.013984547613213227,4.667357805483744
FRA,2007,1,0.99,7,-0.0035,-0.0064492832763552764,0.9800507167236447,4.55,0.126,-0.015959426621084207,-0.016472139001267858,4.643568434377649
FRA,2008,1,0.99,8,-0.004,9.028225957260117e-4,0.986902822595726,4.55,0.144,-0.010477741923419171,0.009254564014346121,4.692776822090926
FRA,2009,1,0.99,9,-0.0045000000000000005,0.0053252995759737335,0.9908252995759738,4.55,0.16199999999999998,-0.0073397603392209914,-0.02167957651608551,4.6829806631446935
FRA,2010,1,0.99,10,-0.005,-0.006466044555955822,0.9785339554440442,4.55,0.18,-0.01717283564476464,-0.0026929378683939456,4.710134226486841
FRA,2011,1,0.99,11,-0.0055,-0.005756363484628222,0.9787436365153718,4.55,0.19799999999999998,-0.01700509078770258,-0.0034836210833608726,4.7275112881289365
FRA,2012,1,0.99,12,-0.006,0.005816190694700658,0.9898161906947006,4.55,0.21599999999999997,-0.008147047444239509,-0.0033645708164799595,4.7544883817392805
FRA,2013,1,0.99,13,-0.006500000000000001,-0.007770322910191533,0.9757296770898085,4.55,0.23399999999999999,-0.01941625832815319,-0.003981189589364341,4.760602552082482
FRA,2014,1,0.99,14,-0.007,5.219438306739432e-4,0.9835219438306739,4.55,0.252,-0.013182444935460858,0.008494884477359157,4.797312439541899
FRA,2015,1,0.99,15,-0.0075,0.005876805859177587,0.9883768058591776,4.55,0.26999999999999996,-0.009298555312657886,0.002263698334284488,4.812965143021626
FRA,2016,1,0.99,16,-0.008,6.731016527783014e-4,0.9826731016527783,4.55,0.288,-0.013861518677777341,-0.024729526993678058,4.799408954328545
FRA,2017,1,0.99,17,-0.0085,0.004569888475024447,0.9860698884750245,4.55,0.306,-0.01114408921998038,0.013240647352507011,4.858096558132527
FRA,2018,1,0.99,18,-0.009000000000000001,0.004256146947756298,0.9852561469477563,4.55,0.32399999999999995,-0.011795082441794946,-0.010024170821793046,4.852180746736412
FRA,2019,1,0.99,19,-0.0095,2.2513676243250604e-4,0.9807251367624326,4.55,0.34199999999999997,-0.015419890590053954,-0.0035837824219075603,4.872996326988038
FRA,2020,1,0.99,20,-0.01,0.0017231157012027223,0.9817231157012027,4.55,0.36,-0.014621507439037807,0.021764888479784025,4.917143381040747
GBR,1990,0.8,1,-10,0.004,-0.0017555158104657373,1.0022444841895342,4.5,-0.18,0.0017955873516273257,0.0013875963245370034,4.323183183676164
GBR,1991,0.8,1,-9,0.0036000000000000003,-0.004573538679839461,0.9990264613201606,4.5,-0.16199999999999998,-7.788309438715225e-4,0.009122544119692684,4.346343713175822
GBR,1992,0.8,1,-8,0.0032,-3.6221439073388554e-4,1.0028377856092663,4.5,-0.144,0.0022702284874130288,-0.010037864453743507,4.348232364033669
GBR,1993,0.8,1,-7,0.0028,-0.002526793742357243,1.0002732062576427,4.5,-0.126,2.1856500611416863e-4,-0.02222580539715343,4.351992759608961
GBR,1994,0.8,1,-6,0.0024000000000000002,-0.00484767157041529,0.9975523284295846,4.5,-0.10799999999999998,-0.001958137256332293,-5.475019655817658e-4,4.389494360778086
GBR,1995,0.8,1,-5,0.002,0.006822420765642059,1.008822420765642,4.5,-0.09,0.0070579366125135936,0.02241080193545243,4.439468738547966
GBR,1996,0.8,1,-4,0.0016,-0.008966167697260989,0.992633832302739,4.5,-0.072,-0.005892934157808761,0.003806316104248512,4.425913381946439
GBR,1997,0.8,1,-3,0.0012000000000000001,-3.8279229393088713e-4,1.0008172077060693,4.5,-0.05399999999999999,6.537661648554406e-4,-0.004988821652474019,4.4416649445123815
GBR,1998,0.8,1,-2,8e-4,6.892116356151756e-4,1.001489211635615,4.5,-0.036,0.0011913693084920852,-0.017793764727540757,4.447397604580951
GBR,1999,0.8,1,-1,4e-4,-0.005514507750949767,0.9948854922490502,4.5,-0.018,-0.004091606200759834,0.015988532531308913,4.4938969263305495
GBR,2000,0.8,1,0,-0,0.004024340623282939,1.004024340623283,4.5,0,0.0032194724986263526,0.012013920756341891,4.515233393254968
GBR,2001,0.8,1,1,-4e-4,-0.006773229013791925,0.9928267709862081,4.5,0.018,-0.005738583211033533,0.015172098137045238,4.527433514926011
GBR,2002,0.8,1,2,-8e-4,0.0027738135499842807,1.0019738135499843,4.5,0.036,0.001579050839987417,-0.016776044511040547,4.520803006328947
GBR,2003,0.8,1,3,-0.0012000000000000001,-0.0064543513303159765,0.992345648669684,4.5,0.05399999999999999,-0.006123481064252801,0.024611221318661263,4.572487740254409
GBR,2004,0.8,1,4,-0.0016,-0.0020623529890599836,0.99633764701094,4.5,0.072,-0.0029298823912480287,-0.03219872415900162,4.536871393449751
GBR,2005,0.8,1,5,-0.002,-0.0015436127337243332,0.9964563872662756,4.5,0.09,-0.002834890186979511,-0.0019609073244235458,4.5852042024885975
GBR,2006,0.8,1,6,-0.0024000000000000002,-0.004168458695869165,0.9934315413041309,4.5,0.10799999999999998,-0.005254766956695267,-0.002454270432011154,4.600290962611293
GBR,2007,0.8,1,7,-0.0028,-0.006724737175289696,0.9904752628247103,4.5,0.126,-0.007619789740231742,5.7606650890740425e-5,4.618437816910659
GBR,2008,0.8,1,8,-0.0032,0.008497722721480905,1.005297722721481,4.5,0.144,0.0042381781771847924,-0.010356132542911128,4.6378820456342735
GBR,2009,0.8,1,9,-0.0036000000000000003,-0.005409720398903694,0.9909902796010963,4.5,0.16199999999999998,-0.007207776319122949,-8.025799718102577e-4,4.653989643709067
GBR,2010,0.8,1,10,-0.004,7.55175181401815e-5,0.9960755175181402,4.5,0.18,-0.0031395859854878696,0.011732802801521476,4.688593216816034
GBR,2011,0.8,1,11,-0.0044,-0.0031757082301843128,0.9924242917698157,4.5,0.19799999999999998,-0.00606056658414742,-0.007493822957217694,4.684445610458635
GBR,2012,0.8,1,12,-0.0048000000000000004,0.010129971576388853,1.0053299715763888,4.5,0.21599999999999997,0.004263977261111052,-0.01215340175209895,4.7081105755090125
GBR,2013,0.8,1,13,-0.005200000000000001,-0.010363400943024646,0.9844365990569753,4.5,0.23399999999999999,-0.012450720754419732,0.0018959472653944881,4.723445226510974
GBR,2014,0.8,1,14,-0.0056,0.006421232828494886,1.0008212328284949,4.5,0.252,6.569862627959111e-4,0.00350966243881449,4.75616664870161
GBR,2015,0.8,1,15,-0.006,2.8121072990989197e-4,0.9942812107299099,4.5,0.26999999999999996,-0.004575031416072051,-0.018299842052026043,4.747125126531901
GBR,2016,0.8,1,16,-0.0064,4.784406415725078e-4,0.9940784406415726,4.5,0.288,-0.004737247486741936,-0.02134020008281003,4.761922552430448
GBR,2017,0.8,1,17,-0.0068000000000000005,0.003783839151915943,0.9969838391519159,4.5,0.306,-0.0024129286784672745,-0.0030377087503197816,4.800549362571213
GBR,2018,0.8,1,18,-0.007200000000000001,7.700137041337016e-5,0.9928770013704133,4.5,0.32399999999999995,-0.005698398903669322,-0.021578470137029137,4.796723130959302
GBR,2019,0.8,1,19,-0.0076,1.5323963673847393e-4,0.9925532396367385,4.5,0.34199999999999997,-0.005957408290609223,-0.0016118371786031332,4.834430754530787
GBR,2020,0.8,1,20,-0.008,0.004128258434447387,0.9961282584344474,4.5,0.36,-0.003097393252442071,-0.02126080652098229,4.835641800226576
ITA,1990,1.5,0.97,-10,0.0075,0.001007232916980309,0.9785072329169803,4.45,-0.18,-0.01719421366641578,0.002658278066175108,4.255464064399759
ITA,1991,1.5,0.97,-9,0.00675,4.1004845045618314e-4,0.9771600484504562,4.45,-0.16199999999999998,-0.018271961239635016,-0.017231791578573328,4.252496247181792
ITA,1992,1.5,0.97,-8,0.006,0.0108689744836314,0.9868689744836314,4.45,-0.144,-0.010504820413094862,0.04217781945277964,4.337672999039685
ITA,1993,1.5,0.97,-7,0.00525,0.0066232590242536115,0.9818732590242536,4.45,-0.126,-0.014501392780597123,-0.009507833065878166,4.299990774153525
ITA,1994,1.5,0.97,-6,0.0045000000000000005,0.0020562930395838877,0.9765562930395838,4.45,-0.10799999999999998,-0.018754965568332962,-0.034057426598587695,4.28918760783308
ITA,1995,1.5,0.97,-5,0.00375,-7.529180015649557e-5,0.9736747081998435,4.45,-0.09,-0.021060233440125222,0.03432324368217158,4.373263010242047
ITA,1996,1.5,0.97,-4,0.003,0.005734189085031486,0.9787341890850315,4.45,-0.072,-0.017012648731974788,0.025821595954216042,4.386808947222241
ITA,1997,1.5,0.97,-3,0.0022500000000000003,0.004747247785244152,0.9769972477852441,4.45,-0.05399999999999999,-0.018402201771804717,0.008437590031096448,4.386035388259292
ITA,1998,1.5,0.97,-2,0.0015,-0.006229738055894873,0.965270261944105,4.45,-0.036,-0.027783790444715975,0.003132671469986562,4.3893488810252705
ITA,1999,1.5,0.97,-1,7.5e-4,0.006774239596072245,0.9775242395960723,4.45,-0.018,-0.01798060832314219,0.01206941553157397,4.426088807208432
ITA,2000,1.5,0.97,0,-0,0.006288883337147583,0.9762888833371476,4.45,0,-0.018968893330281934,0.005075008531835936,4.436106115201555
ITA,2001,1.5,0.97,1,-7.5e-4,0.009552556190380786,0.9788025561903807,4.45,0.018,-0.016957955047695438,-0.020477527252035513,4.430564517700269
ITA,2002,1.5,0.97,2,-0.0015,0.00642354872192452,0.9749235487219245,4.45,0.036,-0.02006116102246036,-0.005053388163311985,4.460885450814227
ITA,2003,1.5,0.97,3,-0.0022500000000000003,0.001892955353605371,0.9696429553536053,4.45,0.05399999999999999,-0.024285635717115728,0.0056900735671450795,4.485404437850029
ITA,2004,1.5,0.97,4,-0.003,-0.0013462490245967418,0.9656537509754032,4.45,0.072,-0.02747699921967746,-0.01605704733497489,4.4784659534453475
ITA,2005,1.5,0.97,5,-0.00375,-0.00377425755596106,0.9624757424440389,4.45,0.09,-0.030019406044768895,0.001984641083059009,4.51196523503829
ITA,2006,1.5,0.97,6,-0.0045000000000000005,-0.004303385698056002,0.961196614301944,4.45,0.10799999999999998,-0.03104270855844478,0.015207056699989797,4.542164348141545
ITA,2007,1.5,0.97,7,-0.00525,-0.001992526392188029,0.9627574736078119,4.45,0.126,-0.029794021113750447,0.01599706749891158,4.562203046385162
ITA,2008,1.5,0.97,8,-0.006,-0.0031624634066385426,0.9608375365933615,4.45,0.144,-0.03132997072531083,0.007913515828341452,4.57058354510303
ITA,2009,1.5,0.97,9,-0.00675,0.0011294494713051044,0.964379449471305,4.45,0.16199999999999998,-0.02849644042295596,0.00955260835540979,4.593056167932454
ITA,2010,1.5,0.97,10,-0.0075,-3.3483362901276085e-5,0.9624665166370987,4.45,0.18,-0.03002678669032104,0.0025431530030871376,4.6025163663127655
ITA,2011,1.5,0.97,11,-0.00825,0.004316371981582115,0.9660663719815821,4.45,0.19799999999999998,-0.027146902414734345,0.004091734607036618,4.624944832192303
ITA,2012,1.5,0.97,12,-0.009000000000000001,0.0012652619536699012,0.9622652619536699,4.45,0.21599999999999997,-0.03018779043706408,-0.0014239631127173843,4.634388246450219
ITA,2013,1.5,0.97,13,-0.00975,4.269564369515906e-4,0.9606769564369515,4.45,0.23399999999999999,-0.0314584348504388,0.011963869788076682,4.664505434937638
ITA,2014,1.5,0.97,14,-0.0105,-0.0014104038077623834,0.9580895961922377,4.45,0.252,-0.033528323046209875,0.008467313242722306,4.676938990196512
ITA,2015,1.5,0.97,15,-0.01125,0.003804286192720729,0.9625542861927208,4.45,0.26999999999999996,-0.029956571045823388,0.007454560619487336,4.697497989573663
ITA,2016,1.5,0.97,16,-0.012,-0.005241451901387862,0.952758548098612,4.45,0.288,-0.03779316152111037,0.016965987285612955,4.717172825764504
ITA,2017,1.5,0.97,17,-0.012750000000000001,-7.163521838496205e-4,0.9565336478161504,4.45,0.306,-0.034773081747079715,-0.010297218130032587,4.710929700122888
ITA,2018,1.5,0.97,18,-0.0135,-0.006948898977654354,0.9495511010223456,4.45,0.32399999999999995,-0.040359119182123496,-0.014389427510662729,4.719251453307214
ITA,2019,1.5,0.97,19,-0.01425,0.010486061023770029,0.96623606102377,4.45,0.34199999999999997,-0.027011151180983985,-0.008987726377614922,4.7560011224414005
ITA,2020,1.5,0.97,20,-0.015,0.0031655172811740242,0.9581655172811739,4.45,0.36,-0.03346758617506085,0.01342256530614526,4.789954979131085
CAN,1990,0.5,1.02,-10,0.0025,0.004735222611317478,1.0272352226113175,4.52,-0.18,0.021788178089054002,0.008927317715198096,4.370715495804252
CAN,1991,0.5,1.02,-9,0.0022500000000000003,-0.011691678639198708,1.0105583213608014,4.52,-0.16199999999999998,0.008446657088641096,-0.007932800524963163,4.358513856563678
CAN,1992,0.5,1.02,-8,0.002,0.007000129091086095,1.0290001290910862,4.52,-0.144,0.023200103272868946,-0.0055627420296952895,4.393637361243173
CAN,1993,0.5,1.02,-7,0.00175,0.010067707850276789,1.0318177078502768,4.52,-0.126,0.025454166280221457,0.002335090066419175,4.421789256346639
CAN,1994,0.5,1.02,-6,0.0015,-0.0017736397357153606,1.0197263602642848,4.52,-0.10799999999999998,0.015781088211427808,0.007660413971951023,4.435441502183379
CAN,1995,0.5,1.02,-5,0.00125,0.0022063347070663234,1.0234563347070662,4.52,-0.09,0.018765067765652968,0.00595764138655795,4.45472270915221
CAN,1996,0.5,1.02,-4,0.001,0.006848569394390619,1.0278485693943906,4.52,-0.072,0.022278855515512497,0.006491501664786085,4.476770357180298
CAN,1997,0.5,1.02,-3,7.5e-4,-0.0015843641324195816,1.0191656358675805,4.52,-0.05399999999999999,0.015332508694064374,0.006304382454538689,4.487636891148602
CAN,1998,0.5,1.02,-2,5e-4,-0.002975567423518319,1.0175244325764816,4.52,-0.036,0.014019546061185295,0.0020278448636356725,4.500047390924821
CAN,1999,0.5,1.02,-1,2.5e-4,0.0029941865577966676,1.0232441865577968,4.52,-0.018,0.018595349246237448,-0.013125173185158902,4.507470176061078
CAN,2000,0.5,1.02,0,-0,0.005538663205653986,1.025538663205654,4.52,0,0.02043093056452321,0.005826050170109597,4.546256980734633
CAN,2001,0.5,1.02,1,-2.5e-4,-0.004325585658768439,1.0154244143412314,4.52,0.018,0.012339531472985145,0.009994494363491717,4.560334025836476
CAN,2002,0.5,1.02,2,-5e-4,0.0038394823923847405,1.0233394823923847,4.52,0.036,0.018671585913907763,-0.00441499029627667,4.57025659561763
CAN,2003,0.5,1.02,3,-7.5e-4,0.0018389124654272172,1.0210889124654272,4.52,0.05399999999999999,0.01687112997234177,0.004778514344857511,4.595649644317199
CAN,2004,0.5,1.02,4,-0.001,-0.0038768982645150944,1.015123101735485,4.52,0.072,0.01209848138838794,0.00834392558985459,4.612442406978242
CAN,2005,0.5,1.02,5,-0.00125,-0.003207949483467852,1.0155420505165322,4.52,0.09,0.01243364041322579,0.02675914397735295,4.6491927843905785
CAN,2006,0.5,1.02,6,-0.0015,-0.0020371386822116513,1.0164628613177884,4.52,0.10799999999999998,0.013170289054230722,-0.018599105766110364,4.6225711832881196
CAN,2007,0.5,1.02,7,-0.00175,-0.0016744222053645353,1.0165755777946355,4.52,0.126,0.013260462235708382,9.650808214970192e-4,4.660225543057205
CAN,2008,0.5,1.02,8,-0.002,0.0021920972244989334,1.0201920972244989,4.52,0.144,0.01615367777959911,-0.00417638569292426,4.6759772920866745
CAN,2009,0.5,1.02,9,-0.0022500000000000003,-0.003982295382402156,1.0137677046175977,4.52,0.16199999999999998,0.01101416369407815,0.018849905683652527,4.7118640693777305
CAN,2010,0.5,1.02,10,-0.0025,-5.954268411696792e-4,1.0169045731588304,4.52,0.18,0.013523658527064343,0.0014510764972843141,4.714974735024348
CAN,2011,0.5,1.02,11,-0.00275,-0.008729289390939005,1.008520710609061,4.52,0.19799999999999998,0.006816568487248809,0.003647852041377857,4.728464420528627
CAN,2012,0.5,1.02,12,-0.003,-0.008363337722679982,1.0086366622773202,4.52,0.21599999999999997,0.006909329821856148,-0.0025527134439001214,4.740356616377956
CAN,2013,0.5,1.02,13,-0.0032500000000000003,-8.661756088543638e-4,1.0158838243911457,4.52,0.23399999999999999,0.01270705951291653,4.001247321751267e-4,4.7671071842450905
CAN,2014,0.5,1.02,14,-0.0035,0.00451480056088506,1.021014800560885,4.52,0.252,0.016811840448708006,0.0011256854761692416,4.789937525924876
CAN,2015,0.5,1.02,15,-0.00375,2.9270194260904955e-4,1.0165427019426092,4.52,0.26999999999999996,0.013234161554087366,-0.021042782469118376,4.782191379084968
CAN,2016,0.5,1.02,16,-0.004,0.0022779857581432463,1.0182779857581432,4.52,0.288,0.01462238860651457,-0.013782421305138045,4.808839967301376
CAN,2017,0.5,1.02,17,-0.00425,7.356862768838875e-4,1.0164856862768838,4.52,0.306,0.01318854902150708,-0.041172968698862,4.7980155803226445
CAN,2018,0.5,1.02,18,-0.0045000000000000005,-5.801933084976599e-4,1.0149198066915024,4.52,0.32399999999999995,0.011935845353201913,-0.0030316029466016135,4.852904242406599
CAN,2019,0.5,1.02,19,-0.00475,0.003354955843226908,1.0186049558432269,4.52,0.34199999999999997,0.014883964674581486,4.563061248281828e-4,4.877340270799409
CAN,2020,0.5,1.02,20,-0.005,0.0030617674883520424,1.018061767488352,4.52,0.36,0.01444941399068167,-0.015760852475551278,4.87868856151513
AUS,1990,0.4,1.02,-10,0.002,0.004224186552512013,1.0262241865525121,4.52,-0.18,0.020979349242009705,0.01384390818590429,4.374823257427914
AUS,1991,0.4,1.02,-9,0.0018000000000000002,-0.008747261507592842,1.0130527384924073,4.52,-0.16199999999999998,0.010442190793925832,0.007068582253095558,4.375510773047021
AUS,1992,0.4,1.02,-8,0.0016,0.004807645831929255,1.0264076458319293,4.52,-0.144,0.02112611666554347,0.0028951697523750134,4.4000212864179185
AUS,1993,0.4,1.02,-7,0.0014,0.002590674001671916,1.023990674001672,4.52,-0.126,0.01919253920133759,-0.0020698099074884773,4.411122729293848
AUS,1994,0.4,1.02,-6,0.0012000000000000001,0.012385148647773885,1.033585148647774,4.52,-0.10799999999999998,0.026868118918219254,-0.035777316219570844,4.403090802698649
AUS,1995,0.4,1.02,-5,0.001,0.0033260155724445808,1.0243260155724445,4.52,-0.09,0.019460812457955612,0.0014768826743953244,4.4509376951323505
AUS,1996,0.4,1.02,-4,8e-4,-0.002168898037936963,1.0186311019620629,4.52,-0.072,0.014904881569650287,-0.005177797254045171,4.457727084315605
AUS,1997,0.4,1.02,-3,6.000000000000001e-4,-0.011257958978275898,1.009342041021724,4.52,-0.05399999999999999,0.0074736328173791835,-0.00657057278066637,4.466903060036712
AUS,1998,0.4,1.02,-2,4e-4,-0.001682961660457741,1.0187170383395423,4.52,-0.036,0.014973630671633842,-0.01763600359988945,4.481337627071744
AUS,1999,0.4,1.02,-1,2e-4,0.003221408017120552,1.0234214080171204,4.52,-0.018,0.018737126413696358,0.0045767560791984295,4.5253138824928945
AUS,2000,0.4,1.02,0,-0,0.005162037447639274,1.0251620374476393,4.52,0,0.020129629958111475,0.007749923239988531,4.5478795531981
AUS,2001,0.4,1.02,1,-2e-4,-0.005721465329084764,1.0140785346709154,4.52,0.018,0.011262827736732284,-0.017711322091878017,4.531551505644853
AUS,2002,0.4,1.02,2,-4e-4,0.006250206290295911,1.0258502062902959,4.52,0.036,0.02068016503223671,0.008438006089379776,4.585118171121615
AUS,2003,0.4,1.02,3,-6.000000000000001e-4,-0.007668035756887558,1.0117319642431126,4.52,0.05399999999999999,0.0093855713944901,0.011709265887699782,4.59509483728219
AUS,2004,0.4,1.02,4,-8e-4,0.004731487189262971,1.023931487189263,4.52,0.072,0.019145189751410465,-0.003275316539571685,4.607869873211838
AUS,2005,0.4,1.02,5,-0.001,0.009222822926071064,1.0282228229260713,4.52,0.09,0.022578258340857006,-0.005196505072507208,4.62738175326835
AUS,2006,0.4,1.02,6,-0.0012000000000000001,0.00927389839257212,1.0280738983925721,4.52,0.10799999999999998,0.022459118714057702,-0.0035685283339329304,4.646890590380124
AUS,2007,0.4,1.02,7,-0.0014,0.005007369846092385,1.0236073698460924,4.52,0.126,0.018885895876873882,8.875006781722273e-4,4.665773396555046
AUS,2008,0.4,1.02,8,-0.0016,0.00706782105083021,1.0254678210508301,4.52,0.144,0.020374256840664098,-0.001958282638399399,4.682415974202264
AUS,2009,0.4,1.02,9,-0.0018000000000000002,0.003684818132095411,1.0218848181320954,4.52,0.16199999999999998,0.017507854505676334,0.042174092595053614,4.741681947100729
AUS,2010,0.4,1.02,10,-0.002,-0.005163532172057647,1.0128364678279425,4.52,0.18,0.010269174262353964,-0.018501576588951102,4.691767597673402
AUS,2011,0.4,1.02,11,-0.0022,0.010852610499215813,1.0286526104992157,4.52,0.19799999999999998,0.022922088399372598,-0.002925766804161627,4.737996321595211
AUS,2012,0.4,1.02,12,-0.0024000000000000002,-0.0034466189062239893,1.0141533810937762,4.52,0.21599999999999997,0.01132270487502094,0.010368020755785154,4.757690725630806
AUS,2013,0.4,1.02,13,-0.0026000000000000003,6.694216995643923e-4,1.0180694216995645,4.52,0.23399999999999999,0.014455537359651594,0.005428061470442098,4.773883598830094
AUS,2014,0.4,1.02,14,-0.0028,-0.004108481081182922,1.0130915189188172,4.52,0.252,0.010473215135053771,-0.006897868413822348,4.775575346721231
AUS,2015,0.4,1.02,15,-0.003,0.003489135254228835,1.020489135254229,4.52,0.26999999999999996,0.016391308203383127,0.0046788432010568745,4.811070151404439
AUS,2016,0.4,1.02,16,-0.0032,-0.00206590770280174,1.0147340922971981,4.52,0.288,0.011787273837758506,-0.005266787911406853,4.8145204859263515
AUS,2017,0.4,1.02,17,-0.0034000000000000002,-0.006319699133620455,1.0102803008663794,4.52,0.306,0.008224240693103546,0.019313624923971397,4.853537865617075
AUS,2018,0.4,1.02,18,-0.0036000000000000003,4.4202585701224345e-5,1.0164442025857012,4.52,0.32399999999999995,0.013155362068560984,-0.0013338884678851355,4.855821473600676
AUS,2019,0.4,1.02,19,-0.0038,-0.002212199586993406,1.0139878004130065,4.52,0.34199999999999997,0.01119024033040521,0.026798020343172763,4.899988260673577
AUS,2020,0.4,1.02,20,-0.004,0.003967734373936093,1.0199677343739362,4.52,0.36,0.015974187499148942,0.012993709162196273,4.908967896661345
NLD,1990,0.7,1,-10,0.0035,0.006886676063248939,1.010386676063249,4.52,-0.18,0.008309340850599157,0.007875362986375535,4.356184703836974
NLD,1991,0.7,1,-9,0.00315,-0.008991743476135074,0.9941582565238649,4.52,-0.16199999999999998,-0.004673394780908069,0.014475871293891022,4.367802476512983
NLD,1992,0.7,1,-8,0.0028,0.003413643945114603,1.0062136439451146,4.52,-0.144,0.004970915156091671,0.009459576984984246,4.390430492141075
NLD,1993,0.7,1,-7,0.00245,0.006396407548212732,1.0088464075482129,4.52,-0.126,0.007077126038570292,0.0017973760785993855,4.402874502117169
NLD,1994,0.7,1,-6,0.0021,0.001101003104752813,1.003201003104753,4.52,-0.10799999999999998,0.0025608024838023272,-0.0020558834909831483,4.412504918992819
NLD,1995,0.7,1,-5,0.00175,9.231428504988721e-4,1.0026731428504987,4.52,-0.09,0.0021385142803989512,-0.0034080129160427384,4.428730501364356
NLD,1996,0.7,1,-4,0.0014,-7.702714749533361e-5,1.0013229728525048,4.52,-0.072,0.001058378282003858,0.019384744808073416,4.4684431230900765
NLD,1997,0.7,1,-3,0.00105,-8.728774327090882e-5,1.000962712256729,4.52,-0.05399999999999999,7.701698053832473e-4,0.02985233475022476,4.496622504555607
NLD,1998,0.7,1,-2,7e-4,-7.818559564840844e-5,1.0006218144043515,4.52,-0.036,4.974515234811961e-4,-0.00806635392960624,4.476431097593875
NLD,1999,0.7,1,-1,3.5e-4,0.0024980834864307888,1.0028480834864308,4.52,-0.018,0.002278466789144673,-0.013921496269220943,4.490356970519923
NLD,2000,0.7,1,0,-0,-0.0016200258557837455,0.9983799741442163,4.52,0,-0.001296020684626953,-0.021792549161134357,4.496911430154238
NLD,2001,0.7,1,1,-3.5e-4,0.007472833272803569,1.0071228332728035,4.52,0.018,0.005698266618242798,-0.006274791633335962,4.537423474984906
NLD,2002,0.7,1,2,-7e-4,0.007968796088691905,1.007268796088692,4.52,0.036,0.005815036870953527,0.028355884976722957,4.590170921847676
NLD,2003,0.7,1,3,-0.00105,0.005494645054554745,1.0044446450545548,4.52,0.05399999999999999,0.00355571604364382,-0.010606537026714765,4.5669491790169285
NLD,2004,0.7,1,4,-0.0014,-0.008628049090424637,0.9899719509095755,4.52,0.072,-0.008022439272339633,-0.0047404886057924095,4.579237072121868
NLD,2005,0.7,1,5,-0.00175,-0.005549237343301961,0.992700762656698,4.52,0.09,-0.005839389874641565,-0.00305799112124369,4.601102619004114
NLD,2006,0.7,1,6,-0.0021,2.4689824152140325e-4,0.9981468982415214,4.52,0.10799999999999998,-0.0014824814067829096,0.016324584419395955,4.642842103012612
NLD,2007,0.7,1,7,-0.00245,-0.0015039124220055534,0.9960460875779945,4.52,0.126,-0.0031631299376043923,-0.0023933496275134474,4.640443520434882
NLD,2008,0.7,1,8,-0.0028,-0.006066279632396566,0.9911337203676034,4.52,0.144,-0.00709302370591729,-0.003596168661879449,4.653310807632203
NLD,2009,0.7,1,9,-0.00315,-0.001290182682624456,0.9955598173173755,4.52,0.16199999999999998,-0.0035521461460995777,-0.022500677724593465,4.655947176129306
NLD,2010,0.7,1,10,-0.0035,0.0011868808314471917,0.9976868808314473,4.52,0.18,-0.0018504953348421616,0.011097981598758336,4.709247486263915
NLD,2011,0.7,1,11,-0.00385,-3.7944456901657577e-4,0.9957705554309834,4.52,0.19799999999999998,-0.0033835556552133106,0.003692535930236139,4.718308980275022
NLD,2012,0.7,1,12,-0.0042,0.005148558232219375,1.0009485582322193,4.52,0.21599999999999997,7.588465857754301e-4,0.010588318202526169,4.747347164788301
NLD,2013,0.7,1,13,-0.00455,-0.006024594574094974,0.989425405425905,4.52,0.23399999999999999,-0.008459675659276035,3.180009573682275e-4,4.745858325298092
NLD,2014,0.7,1,14,-0.0049,-0.004816142946662364,0.9902838570533377,4.52,0.252,-0.007772914357329875,-0.013607962824889437,4.75061912281778
NLD,2015,0.7,1,15,-0.00525,0.004594710190626642,0.9993447101906267,4.52,0.26999999999999996,-5.242318474986796e-4,-0.0029815984041629963,4.786494169748337
NLD,2016,0.7,1,16,-0.0056,0.004590211031670927,0.9989902110316708,4.52,0.288,-8.078311746633204e-4,-0.005771915711919214,4.801420253113418
NLD,2017,0.7,1,17,-0.0059499999999999996,0.007546549671374696,1.0015965496713748,4.52,0.306,0.0012772397370998335,0.007763258501392799,4.835040498238492
NLD,2018,0.7,1,18,-0.0063,-0.0018874080054252017,0.9918125919945748,4.52,0.32399999999999995,-0.0065499264043401345,-0.006133156502288723,4.83131691709337
NLD,2019,0.7,1,19,-0.00665,0.0030178581837921165,0.996367858183792,4.52,0.34199999999999997,-0.0029057134529663744,5.495670862149966e-4,4.859643853633248
NLD,2020,0.7,1,20,-0.007,5.091011334944677e-4,0.9935091011334944,4.52,0.36,-0.005192719093204446,-0.008814826983472197,4.865992453923323
SWE,1990,0.9,1,-10,0.0045000000000000005,0.003593381952351036,1.008093381952351,4.52,-0.18,0.006474705561880789,0.006586437521805633,4.3530611430836865
SWE,1991,0.9,1,-9,0.004050000000000001,0.0013493614343885708,1.0053993614343886,4.52,-0.16199999999999998,0.004319489147510858,8.307957282308254e-4,4.363150284875741
SWE,1992,0.9,1,-8,0.0036000000000000003,-2.7190035459570875e-4,1.0033280996454044,4.52,-0.144,0.002662479716323496,0.012605413873604004,4.3912678935899265
SWE,1993,0.9,1,-7,0.0031500000000000005,-0.00993056336554529,0.9932194366344547,4.52,-0.126,-0.005424450692436267,-0.008797518335387715,4.379778030972176
SWE,1994,0.9,1,-6,0.0027,-6.379102286443307e-4,1.0020620897713557,4.52,-0.10799999999999998,0.0016496718170845527,-0.001130402648441803,4.412519269168643
SWE,1995,0.9,1,-5,0.0022500000000000003,-0.0041855890892293175,0.9980644109107708,4.52,-0.09,-0.001548471271383356,0.005743798529136085,4.434195327257752
SWE,1996,0.9,1,-4,0.0018000000000000002,-4.47364259867194e-5,1.0017552635740132,4.52,-0.072,0.0014042108592105863,-0.004428100526453605,4.444976110332757
SWE,1997,0.9,1,-3,0.00135,0.003192226136836796,1.0045422261368369,4.52,-0.05399999999999999,0.0036337809094694863,0.014014064404016665,4.483647845313485
SWE,1998,0.9,1,-2,9.000000000000001e-4,0.001781212961959331,1.0026812129619593,4.52,-0.036,0.0021449703695674673,-0.010868886727804077,4.475276083641763
SWE,1999,0.9,1,-1,4.5000000000000004e-4,-0.001065713592031533,0.9993842864079685,4.52,-0.018,-4.925708736251977e-4,-0.01755231703914076,4.483955112087234
SWE,2000,0.9,1,0,-0,-0.0023362307752963804,0.9976637692247036,4.52,0,-0.0018689846202371463,0.016373632703018032,4.53450464808278
SWE,2001,0.9,1,1,-4.5000000000000004e-4,9.326614222216625e-4,1.0004826614222218,4.52,0.018,3.8612913777740236e-4,0.015057326833295937,4.553443455971073
SWE,2002,0.9,1,2,-9.000000000000001e-4,0.008791606315808382,1.0078916063158083,4.52,0.036,0.006313285052646656,0.003360383528670001,4.565673668581316
SWE,2003,0.9,1,3,-0.00135,0.008413588080126384,1.0070635880801264,4.52,0.05399999999999999,0.005650870464101132,-0.009749993940561892,4.569900876523539
SWE,2004,0.9,1,4,-0.0018000000000000002,7.8556915610741e-4,0.9989855691561074,4.52,0.072,-8.115446751141065e-4,0.018455515958309358,4.6096439712831945
SWE,2005,0.9,1,5,-0.0022500000000000003,0.007899342564637148,1.0056493425646371,4.52,0.09,0.004519474051709694,-0.008329635748527573,4.606189838303182
SWE,2006,0.9,1,6,-0.0027,2.925289999837731e-4,0.9975925289999837,4.52,0.10799999999999998,-0.0019259768000130075,0.005691326124508269,4.631765349324494
SWE,2007,0.9,1,7,-0.0031500000000000005,-0.006910791447804737,0.9899392085521953,4.52,0.126,-0.008048633158243756,-0.01517785775110855,4.622773509090647
SWE,2008,0.9,1,8,-0.0036000000000000003,-0.009468026532050321,0.9869319734679496,4.52,0.144,-0.010454421225640331,0.006243433753472505,4.659789012527832
SWE,2009,0.9,1,9,-0.004050000000000001,-0.007443113881239466,0.9885068861187606,4.52,0.16199999999999998,-0.009194491104991532,-0.005535699654287218,4.667269809240721
SWE,2010,0.9,1,10,-0.0045000000000000005,-0.004169019191912683,0.9913309808080873,4.52,0.18,-0.0069352153535301225,0.02371781582480373,4.716782600471273
SWE,2011,0.9,1,11,-0.00495,0.0060498610812595235,1.0010998610812596,4.52,0.19799999999999998,8.798888650076719e-4,0.00567581030237133,4.724555699167379
SWE,2012,0.9,1,12,-0.0054,0.003087297106620534,0.9976872971066205,4.52,0.21599999999999997,-0.001850162314703585,0.03529014490160769,4.769439982586904
SWE,2013,0.9,1,13,-0.00585,-0.0076634094170974386,0.9864865905829026,4.52,0.23399999999999999,-0.010810727533677955,0.010682624620563071,4.753871897086885
SWE,2014,0.9,1,14,-0.006300000000000001,-0.00202319866038111,0.9916768013396189,4.52,0.252,-0.006658558928304892,0.005809750419277588,4.771151191490972
SWE,2015,0.9,1,15,-0.006750000000000001,0.002273868117652295,0.9955238681176523,4.52,0.26999999999999996,-0.0035809055058781958,0.0031508305894183174,4.78956992508354
SWE,2016,0.9,1,16,-0.007200000000000001,0.007341523415077924,1.000141523415078,4.52,0.288,1.1321873206231459e-4,1.279799128962203e-4,4.808241198644959
SWE,2017,0.9,1,17,-0.0076500000000000005,-0.007435837053661856,0.984914162946338,4.52,0.306,-0.012068669642929564,-0.021623132975847982,4.792308197381222
SWE,2018,0.9,1,18,-0.008100000000000001,-0.006657963211421093,0.9852420367885789,4.52,0.32399999999999995,-0.011806370569136871,-0.023769731075768342,4.808423898355094
SWE,2019,0.9,1,19,-0.00855,0.003937049335637892,0.9953870493356379,4.52,0.34199999999999997,-0.0036903605314896563,0.016612035580251084,4.8749216750487605
SWE,2020,0.9,1,20,-0.009000000000000001,-0.0022664264334124515,0.9887335735665875,4.52,0.36,-0.009013141146729976,0.009349744869744039,4.880336603723014
