year,epi_population,epi_workforce,epi_hours,total_population,total_workforce,avg_participation,epi_population_norm,epi_workforce_norm,epi_hours_norm
1971,17.88826100060277,16.10214464876263,14.126491925633117,6636000,4430627.6,0.6676654008438818,1.3387083829062851,1.3816562878289693,1.372222105817488
1972,17.691546762589926,15.903228124382487,13.955248713360486,6672000,4453360,0.6674700239808153,1.3239868289522174,1.3645881101012263,1.3555878471077716
1973,17.49694394752534,15.706108620777629,13.785546608427396,6708000,4476241.2,0.6672989266547407,1.3094232880996246,1.3476741270542345,1.3391032888027903
1974,17.304418742586,15.510778278935486,13.617377196824405,6744000,4499271.2,0.6671517200474496,1.2950152298895863,1.3309136643396784,1.3227676135807482
1975,17.113938053097346,15.317229046202831,13.4507319755382,6780000,4522450,0.6670280235988201,1.280760177607442,1.3143060309937629,1.3065799954741724
1976,16.925469483568076,15.125452683826857,13.28560235702008,6816000,4545777.6,0.6669274647887323,1.2666557068634894,1.2978505200842831,1.2905396003039737
1977,16.738981319322825,14.935440774358353,13.121979673559526,6852000,4569254,0.6668496789258611,1.2526994442184225,1.2815464093458593,1.2746455861042887
1978,16.5544425087108,14.747184728916885,12.959855181563675,6888000,4592879.2,0.6667943089430894,1.2388890658518752,1.265392961803329,1.258897103538178
1979,16.37182264586944,14.56067579431784,12.799220065743347,6924000,4616653.2,0.6667610051993068,1.2252222962725021,1.2493894263832908,1.243293296304251
1980,16.191091954022987,14.37590506006151,12.640065443206488,6960000,4640576,0.6667494252873564,1.2116969070680879,1.2335350385138057,1.2278333015342948
1981,15.943991416309013,14.125939515833279,12.419121295315406,6990000,4662774,0.6670635193133048,1.1932045806621168,1.2120865623351953,1.2063711830208506
1982,15.699002849002849,13.878493522016607,12.200496259850425,7020000,4685100,0.6673931623931624,1.1748703083279917,1.1908542780207474,1.1851343389317803
1983,15.456099290780141,13.633551415448448,11.98417178047224,7050000,4707554,0.6677381560283688,1.1566920723541567,1.1698368415813116,1.1641209667375438
1984,15.215254237288134,13.391097422991642,11.770129343331403,7080000,4730136,0.6680983050847458,1.138667889227558,1.149032899591328,1.1433292680359892
1985,14.976441631504924,13.151115668380587,11.558350480253216,7110000,4752846,0.668473417721519,1.1207958089121541,1.1284410897762254,1.1227574488617282
1986,14.739635854341737,12.913590178914685,11.348816771815496,7140000,4775684,0.6688633053221289,1.103073914145619,1.1080600415867572,1.1024037199851042
1987,14.504811715481171,12.678504892000877,11.141509850321409,7170000,4798650,0.6692677824267782,1.0855003197536992,1.0878883767603889,1.0822662972009682
1988,14.271944444444443,12.445843661546526,10.936411402669448,7200000,4821744,0.6696866666666667,1.0680731719817123,1.0679247098698432,1.0623434016074638
1989,14.041009681881052,12.215590264204126,10.733503173122648,7230000,4844966,0.6701197786998617,1.0507906478426878,1.0481676488589327,1.042633259875023
1990,13.81198347107438,11.98772840546916,10.532766965979155,7260000,4868316,0.6705669421487603,1.0336509544816719,1.0286157955657904,1.0231341045057813
1991,13.670944276695032,11.855796402118726,10.419075021805417,7286000,4881272.8,0.6699523469667856,1.0230959680675302,1.017295273612275,1.0120902728262768
1992,13.530908096280088,11.724600394579195,10.306015753552343,7312000,4894328,0.669355579868709,1.0126160444670558,1.0060379043171246,1.0011078981517192
1993,13.39186426819297,11.594142400859946,10.193589812153999,7338000,4907481.6,0.6687764513491414,1.002210385792614,0.9948438608371089,0.9901870437126765
1994,13.25380228136882,11.464424328925265,10.081797783041587,7364000,4920733.6,0.6682147745790331,0.9918782054249438,0.9837133068864974,0.9793277663768869
1995,13.116711772665765,11.335447977780678,9.970640186854398,7390000,4934084,0.6676703653585927,0.9816187278149355,0.972646396830274,0.9685301167183176
1996,12.980582524271844,11.20721503857438,9.860117480155356,7416000,4947532.8,0.6671430420711973,0.9714311882895712,0.9616432757786453,0.9577941390866728
1997,12.845404461166352,11.07972709571303,9.75023005615083,7442000,4961080,0.6666326256382693,0.9613148328619385,0.9507040796827823,0.9471198716773144
1998,12.711167648634172,10.95298562799122,9.640978245414477,7468000,4974725.600000001,0.6661389394750938,0.9512689180452107,0.9398289354317356,0.936507346601575
1999,12.577862289831865,10.826992009733807,9.532362316614703,7494000,4988469.600000001,0.6656618094475582,0.9412927106704992,0.9290179609504541,0.9259565899574219
2000,12.445478723404255,10.701747511950478,9.424382477245551,7520000,5002312,0.6652010638297873,0.9313854877084852,0.9182712652988524,0.9154676219004547
2001,12.339457509353288,10.610026070433472,9.352898339389204,7484000,4969921.2,0.6640728487439872,0.9234511508821638,0.9104010399863226,0.9085237808748005
2002,12.232411385606875,10.517396207247693,9.280647377596932,7448000,4937628,0.6629468313641246,0.9154401126257274,0.9024528668886971,0.9015054519464393
2003,12.124325418240693,10.423845510540518,9.20761506783568,7412000,4905432.4,0.661823043712898,0.907351255325246,0.8944256809978921,0.8944112242768328
2004,12.015184381778743,10.329361350618582,9.133786505914275,7376000,4873334.4,0.6607015184381779,0.8991834395478617,0.8863183986138394,0.887239650099564
2005,11.904972752043596,10.2339308752505,9.059146394901965,7340000,4841334,0.6595822888283379,0.8909355035067209,0.8781299169414338,0.8799892434981973
2006,11.793674698795181,10.137541004848973,8.983679032043613,7304000,4809431.2,0.6584653888280395,0.8826062625100817,0.8698591136771293,0.8726584791352439
2007,11.681274078150798,10.040178427528652,8.907368295147807,7268000,4777626,0.6573508530544854,0.874194508394048,0.8615048465848762,0.8652457909299268
2008,11.56775442477876,9.941829594036005,8.830197628422994,7232000,4745918.399999999,0.6562387168141592,0.8656990089383635,0.8530659530610746,0.8577495706823287
2009,11.453098943857698,9.84248071254736,8.752150027735324,7196000,4714308.4,0.6551290161200668,0.8571185072646679,0.8445412496882162,0.850168166641365
2010,11.337290502793296,9.742117743331123,8.673208025260479,7160000,4682796,0.6540217877094973,0.8484517212165998,0.8359295317768723,0.84249988201389
2011,11.266853932584269,9.679783123948292,8.62518718737555,7120000,4649217.8,0.6529800280898876,0.8431804415210041,0.8305808642112551,0.8378352238926471
2012,11.195621468926554,9.616921191700596,8.576750969435794,7080000,4615656,0.6519288135593221,0.8378495993429727,0.8251869501799474,0.8331302164973912
2013,11.123579545454545,9.55352103460794,8.52788912601962,7040000,4582110.6,0.6508679829545454,0.8324581794129179,0.8197468533725233,0.8283838646062325
2014,11.050714285714285,9.489571430355346,8.478591071828863,7000000,4548581.6,0.6497973714285714,0.8270051432550911,0.8142596108500461,0.82359513998228
2015,10.977011494252874,9.425060835172177,8.428845867477317,6960000,4515069,0.6487168103448275,0.8214894285207376,0.8087242320908405,0.818762979993165
2016,10.902456647398843,9.359977372229679,8.378642204560146,6920000,4481572.8,0.64762612716763,0.8159099482981256,0.803139697994937,0.8138862861607107
2017,10.827034883720929,9.294308819532327,8.32796838996139,6880000,4448093,0.6465251453488372,0.8102655903985064,0.7975049598450784,0.8089639226365908
2018,10.750730994152047,9.22804259727702,8.27681232935384,6840000,4414629.6,0.6454136842105263,0.8045552166170207,0.7918189382220672,0.8039947145995379
2019,10.673529411764706,9.161165754652638,8.225161509842312,6800000,4381182.6,0.6442915588235294,0.7987776619675172,0.786080521872092,0.7989774465693414
2020,10.595414201183432,9.093664956050851,8.173002981698032,6760000,4347752,0.6431585798816568,0.792931733890209,0.7802885665235353,0.7939108606325588
2021,10.451987240595438,8.96383450917242,8.064163626871014,6818500,4380719.89,0.642475601671922,0.7821980536030393,0.7691483701587601,0.7833384007845805
2022,10.309438360342751,8.834739711607243,7.955885936210337,6878218,4414483.25,0.6418062425471248,0.7715300864394483,0.7580712967208662,0.7728204999870129
2023,10.167769558906032,8.706381886240571,7.848166316691107,6939179,4449061.583,0.6411510040308802,0.7609279819602465,0.747057459720989,0.7623568092198579
